variable,description_original,scale,mean_fulldset,mean_subset,t_tstat,t_pval,t_degfree,w_pval,f_pval,f_oddsratio,f_conflow,f_confhigh,numerical_type,category,description
V202158,POST: Feeling Favourability Rating: Dr. Anthony Fauci,"0-100 scale: 0 Terrible, 100 Great",69.26,84.2,-6.23,0,92,0,NA,NA,NA,NA,continuous,Beliefs,Favourability Rating: Fauci
V202173,POST: Feeling Favourability Rating: scientists,"0-100 scale: 0 Terrible, 100 Great",80.09,86.57,-4.53,0,90.7,0.0095,NA,NA,NA,NA,continuous,New Variables,Favourability Rating: Scientists
V202332,POST: How much is climate change affecting severe weather/temperatures in US,1. Not at all 2. A little 3. A moderate amount 4. A lot 5. A great deal,3.57,4.2,-5.72,0,89.7,1e-4,NA,NA,NA,NA,ordinal,New Variables,Climate: impact level on United States
V202333,POST: How important is issue of climate change to R,1. Not at all important 2. A little important 3. Moderately important 4. Very important 5. Extremely important,3.35,3.83,-4.34,0,89.7,0.0037,NA,NA,NA,NA,ordinal,New Variables,Climate: issue importance
V202439,POST: CSES5‐Q18: Left‐right‐self,0. Left <-> 10. Right,5.63,4.93,4.2,1e-4,93.7,0.0113,NA,NA,NA,NA,ordinal,Political Involvement/ View of Politics,Left-Right self-placement
V201208,PRE: Democratic Presidential candidate trait: strong leadership, 1. Extremely well 2. Very well 3. Moderately well 4. Slightly well 5. Not well at all,3.4,2.97,4.08,1e-4,93.6,0.0012,NA,NA,NA,NA,ordinal,New New Variables,Dem. Candidate Trait: Strong Leadership
V201211,PRE: Democratic Presidential candidate trait: honest, 1. Extremely well 2. Very well 3. Moderately well 4. Slightly well 5. Not well at all,3.26,2.72,4.16,1e-4,90.8,4e-4,NA,NA,NA,NA,ordinal,New New Variables,Dem. Candidate Trait: Honest
V202431,POST: CSES5‐Q14a: 5pt scale: Does it make a difference who is in power,"5-point scale, 1. It doesn’t make any difference 5. It makes a big difference",4.25,3.81,3.26,0.0016,86.6,4e-4,NA,NA,NA,NA,ordinal,Political Involvement/ View of Politics,Matters who is in power
V201209,PRE: Democratic Presidential candidate trait: really cares, 1. Extremely well 2. Very well 3. Moderately well 4. Slightly well 5. Not well at all,3.18,2.81,2.96,0.0039,91.5,0.0179,NA,NA,NA,NA,ordinal,New New Variables,Dem. Candidate Trait: Really Cares
V202264,POST: The world is changing & we should adjust view of moral behavior,"1. Agree strongly, 2. Agree somewhat, 3. Neither agree nor disagree, 4. Disagree somewhat, 5. Disagree strongly",3.02,2.68,2.88,0.005,90.1,0.0331,NA,NA,NA,NA,ordinal,New Variables,"As world changes, morals should change"
V201367,PRE: How important branches of government keep one another from too much power,1. Not important at all 2. A little important 3. Moderately important 4. Very important 5. Extremely important,4.45,4.16,2.86,0.0053,89.8,0.0013,NA,NA,NA,NA,ordinal,New New Variables,Importance: Branches of Govt check one another
V202427,POST: CSES5‐Q09: How good/bad a job has government done in last 4 years,"1. Very good job, 2. Good job, 3. Bad job, 4. Very bad job",2.82,3.06,-2.83,0.0058,87.2,0.0543,NA,NA,NA,NA,ordinal,Review of State of Union/ Government's Job,Government Performance - 4yrs
V201210,PRE: Democratic Presidential candidate trait: knowledgeable, 1. Extremely well 2. Very well 3. Moderately well 4. Slightly well 5. Not well at all,3.11,2.8,2.78,0.0067,91.5,0.0397,NA,NA,NA,NA,ordinal,New New Variables,Dem. Candidate Trait: Knowledgeable
V202216,POST: Important differences in what major parties stand for,"1. Yes, differences, 2. No, no differences",1.06,1.16,-2.55,0.0125,87,1e-4,7e-4,3.03,1.56,5.48,binary,Political Involvement/ View of Politics,Differences in Major Parties
V201115,PRE: How hopeful R feels about how things are going in the country,1. Not at all 2. A little 3. Somewhat 4. Very 5. Extremely,2.5,2.22,2.52,0.0134,91.4,0.037,NA,NA,NA,NA,ordinal,New New Variables,How Hopeful about how things are going in US
V202430,POST: CSES5‐Q11: State of economy better or worse over past 12 months,"1. Gotten much better, 2. Gotten somewhat better, 3. Stayed about the same, 4. Gotten somewhat worse, 5. Gotten much worse",3.66,3.93,-2.46,0.0159,89.3,0.1932,NA,NA,NA,NA,ordinal,Review of State of Union/ Government's Job,State of Economy - 12months
V201400x,PRE: SUMMARY: How much larger is income gap today,1. Much larger 2. Somewhat larger 3. About the same 4. Somewhat smaller 5. Much smaller,1.7,1.48,2.45,0.0163,91.7,0.0472,NA,NA,NA,NA,ordinal,New New Variables,Income Gap - Today vs. 20Yrs Ago
V201368,PRE: How important elected officials face serious consequences for misconduct,1. Not important at all 2. A little important 3. Moderately important 4. Very important 5. Extremely important,4.64,4.44,2.26,0.0264,89.5,0.0081,NA,NA,NA,NA,ordinal,New New Variables,Importance: Elected Officials consequences if misconduct
V201121,PRE: How proud R feels about how things are going in the country,1. Not at all 2. A little 3. Somewhat 4. Very 5. Extremely,2,1.79,2.24,0.0276,92.5,0.2231,NA,NA,NA,NA,ordinal,New New Variables,How Proud about how things are going in US
V201119,PRE: How happy R feels about how things are going in the country,1. Not at all 2. A little 3. Somewhat 4. Very 5. Extremely,1.92,1.72,2.22,0.0291,92,0.1375,NA,NA,NA,NA,ordinal,New New Variables,How Happy about how things are going in US
V202468x,PRE‐POST: SUMMARY: Total (family) income,"1. <-> 22.: 1. Under $9,999, 22. $250,000+",12.41,10.95,2.04,0.0448,88.6,0.0457,NA,NA,NA,NA,continuous,Demographic,Family income
V201225x,PRE: SUMMARY: Voting as duty or choice,1. Very strongly a duty 2. Moderately strongly a duty 3. A little strongly a duty 4. Neither a duty nor a choice 5. A little strongly a choice 6. Moderately strongly a choice 7. Very strongly a choice,3.01,3.56,-2.03,0.0454,90.3,0.0368,NA,NA,NA,NA,ordinal,New New Variables,Is Voting a Duty or a Choice
V202162,POST: Feeling Favourability Rating: labor unions,"0-100 scale: 0 Terrible, 100 Great",58.06,62.82,-1.94,0.0559,88.9,0.0465,NA,NA,NA,NA,continuous,Beliefs,Favourability Rating: Labor Unions
V202138y,POST: Office recall: Vice‐President ‐ Mike Pence [coded],"0. Incorrect, 1. Correct",0.95,0.9,1.71,0.0913,89.3,0.0147,0.0364,0.43,0.21,0.98,binary,Information Level,Recall: VP Pence
V201366,PRE: How important that news organizations free to criticize,1. Not important at all 2. A little important 3. Moderately important 4. Very important 5. Extremely important,3.8,3.57,1.69,0.0951,91,0.0356,NA,NA,NA,NA,ordinal,New New Variables,Importance: News Orgs. be free to criticize
